Category,Name,Phone,Website
Plumbing,Rent A Plumber,(616) 452-3000,No
Plumbing,Herrema Plumbing LLC,(616) 452-8669,No
Plumbing,Petersen Plumbing Inc,(616) 361-6635,No
Plumbing,Mr Plumber LLC,(616) 292-5263,No
Plumbing,Tubergen Underground Inc.,(616) 878-3996,No
Plumbing,Wyatt Plumbing,(616) 510-8107,No
Plumbing,Jacobson Heating & Cooling,(616) 245-1131,No
Plumbing,Bareman Plumbing,(616) 291-1966,No
Plumbing,Boulder Plumbing Llc,(616) 437-1856,No
Plumbing,Drain Dominator's,(616) 498-7272,No
Hair Salon,Tina's Hair Studio,,No
Hair Salon,Rissa Kelly Salon,,No
Hair Salon,A Cut Above Family Hair Salon,,No
Hair Salon,The LA Collective,,No
Hair Salon,Bare Beauty Esthetics LLC,,No
Electrician,Vredevoogd Heating & Cooling,(616) 796-3338,No
Electrician,Swanson Electrical Services Inc.,(616) 205-5636,No
Electrician,Donovan Electrical Services,(616) 280-5035,No
Electrician,Eco Electric LLC,(616) 930-6029,No
Electrician,Shoreline Power Services,(616) 241-6330,No
Electrician,Langley Electrical Services,(616) 280-5038,No
Electrician,Tom's Electrical,(616) 201-4787,No
Electrician,Electrician Guys Grand Rapids,(616) 228-9198,No
Electrician,Wireworks Electric Inc.,(616) 949-5151,No
Electrician,Webb Electric of Grand Rapids Inc.,(616) 451-2298,No
Auto Repair,Toyota Certified at Capital Plaza Collision Center,(240) 927-4990,No
Auto Repair,Honda of Greenbelt Service Center,(301) 441-2900,No
Auto Repair,Coffey's Mobile Auto Service,(518) 291-6294,No
Auto Repair,Manny & Sons Auto Repair Inc.,(410) 672-5874,No
Auto Repair,A.c.p auto CARE LLC,(443) 500-4017,No
Auto Repair,English Auto,(410) 672-0791,No
Auto Repair,Exxon Auto Service Center,(410) 404-8571,No
Auto Repair,Premium Automotive Repair,(410) 451-0540,No
Auto Repair,Goss Garage II,(410) 451-4677,No
Auto Repair,Angelo's Auto Repair & Towing LLC,(443) 386-0095,No
Cleaning,Spotless Deep Cleaning Service,(929) 395-1476,No
Cleaning,Merry Maids of Nassau County NY,(516) 260-7253,No
Cleaning,MOLLY MAID of Central Nassau County,(516) 284-1534,No
Cleaning,Miracle Maids,(516) 781-6612,No
Cleaning,Clean House Too,(516) 850-8216,No
Cleaning,Imperial Cleaning,(877) 932-5326,No
Cleaning,Maid Brigade of Long Island,(516) 937-6243,No
Cleaning,We Take Pride Cleaning Services,(631) 834-2917,No
Cleaning,Yessenia's Cleaning Services,(516) 666-1177,No
Cleaning,Bella Cleaning Inc.,(646) 508-0335,No
Landscaping,Augusta Lawn Care of Westbury,(516) 506-0691,No
Landscaping,Scott Anderson Design,(516) 785-2697,No
Landscaping,Mauro Landscaping & Design,(516) 497-2729,No
Landscaping,Creative Landscapes by Patrick Thomas,(516) 520-8733,No
Landscaping,B. C. Lawn Service Inc.,(516) 240-9071,No
Landscaping,Joseph Daniele Landscape Design,(516) 468-5339,No
Landscaping,J&R Custom Landscaping Inc,(516) 250-8461,No
Landscaping,Ground Effects By James Joseph,(631) 455-0432,No
Landscaping,Greens Keeper of Nassau Inc.,(516) 783-9254,No
Landscaping,Design and Build landscape,(516) 355-8114,No
